Gryffindor,Slytherin,Ravenclaw,Hufflepuff
-2.840477348613631214e+00,-3.032715591581653491e+00,-2.250063453027669524e+00,-1.817578729914742564e+00
-1.155419730698775016e+00,-9.805021333762263813e-01,3.019310265781697256e-01,2.573167868250628487e+00
6.957162065494083558e-01,-2.373716866990633889e+00,-1.450601116048514105e-01,1.707078587046537477e+00
-1.417388973536626642e-03,-1.336379854583927447e-02,2.240142867517686653e+00,-1.970676181277092764e+00
4.292508462985392126e-01,6.014673123332282823e-02,8.120241863036889995e-01,-7.919739289353511236e-01
-9.674132714679201106e-01,2.308438036989834685e-01,-6.276691322047375787e-03,1.187675294938549175e+00
-9.816159088825977819e-02,2.928705054719141221e-01,-7.415063092645877985e-02,1.724607170267880227e-02
-3.951393340668426513e-01,-2.858404578978355204e-01,1.344186128902765898e+00,-1.704280980331998929e+00
1.742779066958229039e+00,-1.305638229309874276e+00,-3.640733900258631417e-01,-3.096543741734276156e-01
