Gryffindor,Slytherin,Ravenclaw,Hufflepuff
-2.837216908594633491e+00,-3.038323675293558068e+00,-2.244915800787861571e+00,-1.841688491908523018e+00
-1.158252356608734601e+00,-9.616405398149279193e-01,3.367837101009371614e-02,2.572501414000278874e+00
7.002348863473483176e-01,-2.447532068853838005e+00,-2.674602561192654382e-01,1.623312725796995926e+00
2.635638350452302117e-02,1.767856878341939331e-01,1.859232758491789150e+00,-2.197312558967890794e+00
4.136686667507177839e-01,-1.330533384974848521e-01,6.814796246168239868e-01,-8.334506293623731299e-01
-9.693024428884575716e-01,3.227561625656184541e-01,8.400541415787254884e-02,9.281004775990548961e-01
-9.936641480929245263e-02,3.090399995817891265e-01,-6.018123838648595236e-02,3.007820380894275780e-02
-4.079104598859557007e-01,-3.318808397264086940e-01,1.944116492277891073e+00,-1.313863088821279890e+00
1.740924526556946850e+00,-1.041501117466286264e+00,-6.089047581169665553e-03,-3.970113345628002444e-01
