Gryffindor,Slytherin,Ravenclaw,Hufflepuff
-2.837485115522543566e+00,-3.026790980523400787e+00,-2.209346921124970997e+00,-1.847669582096750585e+00
-9.956779182068824507e-01,-1.285188047404567824e+00,1.085768202244693920e-01,2.692991649500496187e+00
7.606124868001518102e-01,-2.352833258898511914e+00,-3.042598387223351963e-01,1.611342132624980161e+00
-7.896307641424114973e-04,-4.038323477798412831e-01,1.766373856824411837e+00,-2.206504291855602151e+00
5.806488133830356446e-01,-5.820899532068418009e-02,7.133501134027766533e-01,-7.974034166069270402e-01
-1.326097457947517544e+00,2.437019194151531232e-01,-2.130437929637039596e-01,8.374509908814364856e-01
-9.506564519482486875e-02,2.909498075966450714e-01,-5.856620351617555786e-02,3.628942846009920991e-03
-6.055713724614483207e-01,4.134132707655676642e-01,2.035814622567257981e+00,-1.408523217238594860e+00
1.292681397452314140e+00,-1.102482551881859507e+00,-2.825706871532039921e-01,-5.207952557185975273e-01
